{
      "files": 
      [        
    	{
          "name": "NUR2 bootloader",
          "filename": "Nur2Bootloader_20A.bin",
          "type": "NUR_LOADER",
          "version": "2.0.A.0",
		  "minversion": "0.0.0.0",
		  "force_update": "false"
        },
		{
          "name": "NUR2 firmware",
          "filename": "Nur2Application_73A.bin",
          "type": "NUR_APP",
          "version": "7.3.A.0",
		  "minversion": "7.0.0.0",
		  "force_update": "false"
        },
		{
          "name": "Indy firmware",
          "filename": "Nur2-1W-SecChip_v3004.bin",		  
          "type": "NUR_CHIP",
          "version": "3.0.0.4",
		  "minversion": "0.0.0.0",
		  "force_update": "false"
        }
      ]
}