{
"files":
[
{
"name": "exa_bootloader_8",
"filename": "exa_bootloader_8.zip",
"fwinfo": "<FWINFO>MODULE=EXA51,EXA31;TYPE=LOADER;VER=8.0.0</FWINFO> ",
"required_nidu_version": "2",
"minversion": "",
"force_update": "false",
"force_update_versions":[]
}
,
{
"name": "exa_application_232-H",
"filename": "exa_application_232-H.zip",
"fwinfo": "<FWINFO>MODULE=EXA51,EXA31;TYPE=APP;VER=2.3.2</FWINFO> ",
"required_nidu_version": "2",
"minversion": "",
"force_update": "false",
"force_update_versions":[]
}
,
{
"name": "EXA21_bootloader_8",
"filename": "EXA21_bootloader_8.zip",
"fwinfo": "<FWINFO>MODULE=EXA21;TYPE=LOADER;VER=8.0.0</FWINFO>",
"required_nidu_version": "2",
"minversion": "",
"force_update": "false",
"force_update_versions":[]
}
,
{
"name": "EXA21_application_3_2_0",
"filename": "EXA21_application_3_2_0.zip",
"fwinfo": "<FWINFO>MODULE=EXA21;TYPE=APP;VER=3.2.0</FWINFO>",
"required_nidu_version": "2",
"minversion": "",
"force_update": "false",
"force_update_versions":[]
}
,
{
"name": "NanoNur2Bootloader_21A",
"filename": "NanoNur2Bootloader_21A.bin",
"fwinfo": "<FWINFO>MODULE=NUR-0W1;TYPE=LOADER;VER=2.1-A;DATE=Jun 27 2019 10:02:44</FWINFO>",
"required_nidu_version": "2",
"minversion": "",
"force_update": "false",
"force_update_versions":[]
}
,
{
"name": "NanoNur2Application_102A",
"filename": "NanoNur2Application_102A.bin",
"fwinfo": "<FWINFO>MODULE=NUR-0W1;TYPE=APP;VER=10.2-A;DATE=Jun 27 2019 10:04:47</FWINFO>",
"required_nidu_version": "2",
"minversion": "",
"force_update": "false",
"force_update_versions":[]
}
,
{
"name": "Nur2Bootloader_20A",
"filename": "Nur2Bootloader_20A.bin",
"fwinfo": "<FWINFO>MODULE=NURv2,NUR2-1W;TYPE=LOADER;VER=2.0-A;DATE=Feb  7 2018 14:52:37</FWINFO>",
"required_nidu_version": "2",
"minversion": "",
"force_update": "false",
"force_update_versions":[]
}
,
{
"name": "Nur2Application_74A",
"filename": "Nur2Application_74A.bin",
"fwinfo": "<FWINFO>MODULE=NURv2,NUR2-1W;TYPE=APP;VER=7.4-A;DATE=Mar 14 2019 09:28:26</FWINFO>",
"required_nidu_version": "2",
"minversion": "",
"force_update": "false",
"force_update_versions":[]
}
,
{
"name": "Nur2-1W-SecChip_v3110",
"filename": "Nur2-1W-SecChip_v3110.bin",
"fwinfo": "<FWINFO>MODULE=NUR2-1W;TYPE=SEC_CHIP_APP;VER=3.1.1.0;DATE=May 28 2019 14:26:43</FWINFO>",
"required_nidu_version": "2",
"minversion": "",
"force_update": "false",
"force_update_versions":[]
}
,
{
"name": "NUR-05WL2-loader-v1.5-A",
"filename": "NUR-05WL2-loader-v1.5-A.bin",
"fwinfo": "<FWINFO>MODULE=NUR-05WL2,NUR-10W;TYPE=LOADER;VER=1.5-A;DATE=Jun 24 2015 09:49:02</FWINFO>",
"required_nidu_version": "2",
"minversion": "",
"force_update": "false",
"force_update_versions":[]
}
,
{
"name": "NUR-L2-application-v5.16-A",
"filename": "NUR-L2-application-v5.16-A.bin",
"fwinfo": "<FWINFO>MODULE=NUR-05WL2,NUR-10W;TYPE=APP;VER=5.16-A;DATE=Jun 14 2019 21:36:47</FWINFO>",
"required_nidu_version": "2",
"minversion": "",
"force_update": "false",
"force_update_versions":[]
}
]
}
