{
"files":
[
{
"name": "EXA21_bootloader_11",
"filename": "EXA21_bootloader_11.zip",
"fwinfo": "<FWINFO>MODULE=EXA21;TYPE=LOADER;VER=11.0.0</FWINFO>",
"required_nidu_version": "2",
"minversion": "",
"force_update": "false",
"force_update_versions":[]
}
,
{
"name": "EXA21_application_414",
"filename": "EXA21_application_414.zip",
"fwinfo": "<FWINFO>MODULE=EXA21;TYPE=APP;VER=4.1.4</FWINFO>",
"required_nidu_version": "2",
"minversion": "",
"force_update": "false",
"force_update_versions":[]
}
,
{
"name": "exa_application_246-H",
"filename": "exa_application_246-H.zip",
"fwinfo": "<FWINFO>MODULE=EXA31,EXA51;TYPE=APP;VER=2.4.6</FWINFO>",
"required_nidu_version": "2",
"minversion": "",
"force_update": "false",
"force_update_versions":[]
}
,
{
"name": "exa_bootloader_16",
"filename": "exa_bootloader_16.zip",
"fwinfo": "<FWINFO>MODULE=EXA31,EXA51;TYPE=LOADER;VER=16</FWINFO>",
"required_nidu_version": "2",
"minversion": "",
"force_update": "false",
"force_update_versions":[]
}
,
{
"name": "NanoNur2Bootloader_21A",
"filename": "NanoNur2Bootloader_21A.bin",
"fwinfo": "<FWINFO>MODULE=NUR-0W1;TYPE=LOADER;VER=2.1-A;DATE=Jun 27 2019 10:02:44</FWINFO>",
"required_nidu_version": "2",
"minversion": "",
"force_update": "false",
"force_update_versions":[]
}
,
{
"name": "NanoNur2Application_104A_2110191032",
"filename": "NanoNur2Application_104A_2110191032.bin",
"fwinfo": "<FWINFO>MODULE=NUR-0W1;TYPE=APP;VER=10.4-A;DATE=Oct 19 2021 10:32:11</FWINFO>",
"required_nidu_version": "2",
"minversion": "",
"force_update": "false",
"force_update_versions":[]
}
,
{
"name": "nurapplication-v3.7-C",
"filename": "nurapplication-v3.7-C.bin",
"fwinfo": "<FWINFO>MODULE=NUR-05W;TYPE=APP;VER=3.7-C;DATE=May 25 2015 10:19:30</FWINFO>",
"required_nidu_version": "2",
"minversion": "",
"force_update": "false",
"force_update_versions":[]
}
,
{
"name": "NUR-05WL2-loader-v1.5-A",
"filename": "NUR-05WL2-loader-v1.5-A.bin",
"fwinfo": "<FWINFO>MODULE=NUR-05WL2,NUR-10W;TYPE=LOADER;VER=1.5-A;DATE=Jun 24 2015 09:49:02</FWINFO>",
"required_nidu_version": "2",
"minversion": "",
"force_update": "false",
"force_update_versions":[]
}
,
{
"name": "NUR-L2-application-v5.16-A",
"filename": "NUR-L2-application-v5.16-A.bin",
"fwinfo": "<FWINFO>MODULE=NUR-05WL2,NUR-10W;TYPE=APP;VER=5.16-A;DATE=Jun 14 2019 21:36:47</FWINFO>",
"required_nidu_version": "2",
"minversion": "",
"force_update": "false",
"force_update_versions":[]
}
,
{
"name": "Nur2Bootloader_20A",
"filename": "Nur2Bootloader_20A.bin",
"fwinfo": "<FWINFO>MODULE=NURv2,NUR2-1W;TYPE=LOADER;VER=2.0-A;DATE=Feb  7 2018 14:52:37</FWINFO>",
"required_nidu_version": "2",
"minversion": "",
"force_update": "false",
"force_update_versions":[]
}
,
{
"name": "Nur2Application_711A",
"filename": "Nur2Application_711A.bin",
"fwinfo": "<FWINFO>MODULE=NURv2,NUR2-1W;TYPE=APP;VER=7.11-A;DATE=Dec 11 2020 10:39:10</FWINFO>",
"required_nidu_version": "2",
"minversion": "",
"force_update": "false",
"force_update_versions":[]
}
,
{
"name": "NUR2-1W-SecChip_v3330",
"filename": "NUR2-1W-SecChip_v3330.bin",
"fwinfo": "<FWINFO>MODULE=NUR2-1W;TYPE=SEC_CHIP_APP;VER=3.3.3.0;DATE=Oct 21 2020 13:44:28</FWINFO>",
"required_nidu_version": "2",
"minversion": "",
"force_update": "false",
"force_update_versions":[]
}
]
}
