{
"files":
[
{
"name": "EXA21_bootloader_8",
"filename": "EXA21_bootloader_8.zip",
"fwinfo": "<FWINFO>MODULE=EXA21;TYPE=LOADER;VER=8.0.0</FWINFO>",
"required_nidu_version": "2",
"minversion": "",
"force_update": "false",
"force_update_versions":[]
}
,
{
"name": "EXA21_application_371",
"filename": "EXA21_application_371.zip",
"fwinfo": "<FWINFO>MODULE=EXA21;TYPE=APP;VER=3.7.1</FWINFO>",
"required_nidu_version": "2",
"minversion": "",
"force_update": "false",
"force_update_versions":[]
}
,
{
"name": "exa_application_244-H",
"filename": "exa_application_244-H.zip",
"fwinfo": "<FWINFO>MODULE=EXA31,EXA51;TYPE=APP;VER=2.4.4</FWINFO>",
"required_nidu_version": "2",
"minversion": "",
"force_update": "false",
"force_update_versions":[]
}
,
{
"name": "exa_bootloader_16",
"filename": "exa_bootloader_16.zip",
"fwinfo": "<FWINFO>MODULE=EXA31,EXA51;TYPE=LOADER;VER=16</FWINFO>",
"required_nidu_version": "2",
"minversion": "",
"force_update": "false",
"force_update_versions":[]
}
,
{
"name": "NanoNur2Bootloader_21A",
"filename": "NanoNur2Bootloader_21A.bin",
"fwinfo": "<FWINFO>MODULE=NUR-0W1;TYPE=LOADER;VER=2.1-A;DATE=Jun 27 2019 10:02:44</FWINFO>",
"required_nidu_version": "2",
"minversion": "",
"force_update": "false",
"force_update_versions":[]
}
,
{
"name": "NanoNur2Application_102A",
"filename": "NanoNur2Application_102A.bin",
"fwinfo": "<FWINFO>MODULE=NUR-0W1;TYPE=APP;VER=10.2-A;DATE=Jun 27 2019 10:04:47</FWINFO>",
"required_nidu_version": "2",
"minversion": "",
"force_update": "false",
"force_update_versions":[]
}
,
{
"name": "nurapplication-v3.7-C",
"filename": "nurapplication-v3.7-C.bin",
"fwinfo": "<FWINFO>MODULE=NUR-05W;TYPE=APP;VER=3.7-C;DATE=May 25 2015 10:19:30</FWINFO>",
"required_nidu_version": "2",
"minversion": "",
"force_update": "false",
"force_update_versions":[]
}
,
{
"name": "NUR-05WL2-loader-v1.5-A",
"filename": "NUR-05WL2-loader-v1.5-A.bin",
"fwinfo": "<FWINFO>MODULE=NUR-05WL2,NUR-10W;TYPE=LOADER;VER=1.5-A</FWINFO>",
"required_nidu_version": "2",
"minversion": "",
"force_update": "false",
"force_update_versions":[]
}
,
{
"name": "NUR-L2-application-v5.16-A",
"filename": "NUR-L2-application-v5.16-A.bin",
"fwinfo": "<FWINFO>MODULE=NUR-05WL2,NUR-10W;TYPE=APP;VER=5.16-A;DATE=Jun 14 2019 21:36:47</FWINFO>",
"required_nidu_version": "2",
"minversion": "",
"force_update": "false",
"force_update_versions":[]
}
,
{
"name": "Nur2Bootloader_20A",
"filename": "Nur2Bootloader_20A.bin",
"fwinfo": "<FWINFO>MODULE=NURv2,NUR2-1W;TYPE=LOADER;VER=2.0-A;DATE=Feb  7 2018 14:52:37</FWINFO>",
"required_nidu_version": "2",
"minversion": "",
"force_update": "false",
"force_update_versions":[]
}
,
{
"name": "Nur2Application_710A",
"filename": "Nur2Application_710A.bin",
"fwinfo": "<FWINFO>MODULE=NURv2,NUR2-1W;TYPE=APP;VER=7.10-A;DATE=Mar 12 2020 16:38:39</FWINFO>",
"required_nidu_version": "2",
"minversion": "",
"force_update": "false",
"force_update_versions":[]
}
,
{
"name": "NUR2-1W-SecChip_v3320",
"filename": "NUR2-1W-SecChip_v3320.bin",
"fwinfo": "<FWINFO>MODULE=NUR2-1W;TYPE=SEC_CHIP_APP;VER=3.3.2.0;DATE=Mar 11 2020 15:41:54</FWINFO>",
"required_nidu_version": "2",
"minversion": "",
"force_update": "false",
"force_update_versions":[]
}
]
}
