{
"files":
[
{
"name": "EXA81_APPLICATION_1.2.3.0-rel",
"filename": "EXA81_APPLICATION_1.2.3.0-rel.zip",
"fwinfo": "<FWINFO>MODULE=EXA81;TYPE=APP;VER=1.2.3.0;DATE=Aug 30 2024 13.12.31</FWINFO>",
"required_nidu_version": "3",
"minversion": "",
"force_update": "false",
"force_update_versions":[]
}
,
{
"name": "EXA81_BOOTLOADER_3.0.0",
"filename": "EXA81_BOOTLOADER_3.0.0.zip",
"fwinfo": "<FWINFO>MODULE=EXA81;TYPE=LOADER;VER=3.0.0.0;DATE=Jan 18 2024 11.50.12</FWINFO>",
"required_nidu_version": "3",
"minversion": "",
"force_update": "false",
"force_update_versions":[]
}
,
{
"name": "EXA21_APPLICATION_5.1.6.0-rel",
"filename": "EXA21_APPLICATION_5.1.6.0-rel.zip",
"fwinfo": "<FWINFO>MODULE=EXA21;TYPE=APP;VER=5.1.6.0;DATE=Oct 16 2024 10.44.52</FWINFO>",
"required_nidu_version": "3",
"minversion": "5.1.0.0",
"force_update": "false",
"force_update_versions":[]
}
,
{
"name": "EXA21_bootloader_50",
"filename": "EXA21_bootloader_50.zip",
"fwinfo": "<FWINFO>MODULE=EXA21;TYPE=LOADER;VER=50.0.0.0</FWINFO>",
"required_nidu_version": "3",
"minversion": "11.0.0.0",
"force_update": "false",
"force_update_versions":[]
}
,
{
"name": "nrfsdk_to_ncs_dist_upd_EXA21_5.1.6.0-rel",
"filename": "nrfsdk_to_ncs_dist_upd_EXA21_5.1.6.0-rel.zip",
"fwinfo": "<FWINFO>MODULE=EXA21;TYPE=APP;VER=5.1.6.0</FWINFO>",
"required_nidu_version": "3",
"minversion": "4.1.0.0",
"force_update": "false",
"force_update_versions":["4.1.4.0"]
}
,
{
"name": "exa_application_246-H",
"filename": "exa_application_246-H.zip",
"fwinfo": "<FWINFO>MODULE=EXA31,EXA51;TYPE=APP;VER=2.4.6</FWINFO>",
"required_nidu_version": "2",
"minversion": "",
"force_update": "false",
"force_update_versions":[]
}
,
{
"name": "exa_bootloader_16",
"filename": "exa_bootloader_16.zip",
"fwinfo": "<FWINFO>MODULE=EXA31,EXA51;TYPE=LOADER;VER=16</FWINFO>",
"required_nidu_version": "2",
"minversion": "",
"force_update": "false",
"force_update_versions":[]
}
,
{
"name": "NanoNur2Bootloader_21A",
"filename": "NanoNur2Bootloader_21A.bin",
"fwinfo": "<FWINFO>MODULE=NUR-0W1;TYPE=LOADER;VER=2.1-A;DATE=Jun 27 2019 10:02:44</FWINFO>",
"required_nidu_version": "2",
"minversion": "",
"force_update": "false",
"force_update_versions":[]
}
,
{
"name": "MOD_NANONUR_APP_v10.4-C",
"filename": "MOD_NANONUR_APP_v10.4-C.bin",
"fwinfo": "<FWINFO>MODULE=NUR-0W1;TYPE=APP;VER=10.4-C;DATE=Sep 10 2025 09:53:14</FWINFO>",
"required_nidu_version": "2",
"minversion": "",
"force_update": "false",
"force_update_versions":[]
}
,
{
"name": "nurapplication-v3.7-C",
"filename": "nurapplication-v3.7-C.bin",
"fwinfo": "<FWINFO>MODULE=NUR-05W;TYPE=APP;VER=3.7-C;DATE=May 25 2015 10:19:30</FWINFO>",
"required_nidu_version": "2",
"minversion": "",
"force_update": "false",
"force_update_versions":[]
}
,
{
"name": "NUR-05WL2-loader-v1.5-A",
"filename": "NUR-05WL2-loader-v1.5-A.bin",
"fwinfo": "<FWINFO>MODULE=NUR-05WL2,NUR-10W;TYPE=LOADER;VER=1.5-A;DATE=Jun 24 2015 09:49:02</FWINFO>",
"required_nidu_version": "2",
"minversion": "",
"force_update": "false",
"force_update_versions":[]
}
,
{
"name": "NUR-L2-application-v5.16-A",
"filename": "NUR-L2-application-v5.16-A.bin",
"fwinfo": "<FWINFO>MODULE=NUR-05WL2,NUR-10W;TYPE=APP;VER=5.16-A;DATE=Jun 14 2019 21:36:47</FWINFO>",
"required_nidu_version": "2",
"minversion": "",
"force_update": "false",
"force_update_versions":[]
}
,
{
"name": "NUR2-1W_LOADER_v2.1-A",
"filename": "NUR2-1W_LOADER_v2.1-A.bin",
"fwinfo": "<FWINFO>MODULE=NURv2,NUR2-1W;TYPE=LOADER;VER=2.1-A;DATE=Oct 27 2021 15:08:53</FWINFO>",
"required_nidu_version": "2",
"minversion": "",
"force_update": "false",
"force_update_versions":[]
}
,
{
"name": "NUR2-1W-SecChip_v3330",
"filename": "NUR2-1W-SecChip_v3330.bin",
"fwinfo": "<FWINFO>MODULE=NUR2-1W;TYPE=SEC_CHIP_APP;VER=3.3.3.0;DATE=Oct 21 2020 13:44:28</FWINFO>",
"required_nidu_version": "2",
"minversion": "",
"force_update": "false",
"force_update_versions":[]
}
,
{
"name": "NUR2-1W_APP_v7.12-B",
"filename": "NUR2-1W_APP_v7.12-B.bin",
"fwinfo": "<FWINFO>MODULE=NURv2,NUR2-1W;TYPE=APP;VER=7.12-B;DATE=Mar  8 2024 14:49:55</FWINFO>",
"required_nidu_version": "2",
"minversion": "",
"force_update": "false",
"force_update_versions":[]
}
,
{
"name": "NUR-L2-SAM4-loader-v2.0-A",
"filename": "NUR-L2-SAM4-loader-v2.0-A.bin",
"fwinfo": "<FWINFO>MODULE=NUR-05WL2,NUR-10W;TYPE=LOADER;VER=2.0-A;DATE=Nov 21 2022 14:47:33</FWINFO>",
"required_nidu_version": "2",
"minversion": "2.0.0.0",
"force_update": "false",
"force_update_versions":[]
}
,
{
"name": "NUR-L2-SAM4-application-v6.1-C",
"filename": "NUR-L2-SAM4-application-v6.1-C.bin",
"fwinfo": "<FWINFO>MODULE=NUR-05WL2,NUR-10W;TYPE=APP;VER=6.1-C;DATE=Apr  3 2025 10:13:21</FWINFO>",
"required_nidu_version": "2",
"minversion": "6.0.0.0",
"force_update": "false",
"force_update_versions":[]
}
,
{
"name": "MOD_NUR3_LOADER_v2.2-B",
"filename": "MOD_NUR3_LOADER_v2.2-B.bin",
"fwinfo": "<FWINFO>MODULE=NURV3-1W,NUR3-0W5,NUR3-0W1;TYPE=LOADER;VER=2.2-B;DATE=Sep  3 2024 13:27:00</FWINFO>",
"required_nidu_version": "3",
"minversion": "",
"force_update": "false",
"force_update_versions":[]
}
,
{
"name": "MOD_NUR3_APP_v15.7-A",
"filename": "MOD_NUR3_APP_v15.7-A.bin",
"fwinfo": "<FWINFO>MODULE=NURV3-1W,NUR3-0W5,NUR3-0W1;TYPE=APP;VER=15.7-A;DATE=Oct 21 2025 09:56:26</FWINFO>",
"required_nidu_version": "3",
"minversion": "",
"force_update": "false",
"force_update_versions":[]
}
]
}
