{
"files":
[
{
"name": "exa_application_231-H",
"filename": "exa_application_231-H.zip",
"fwinfo": "<FWINFO>MODULE=EXA51,EXA31;TYPE=APP;VER=2.3.1</FWINFO>",
"required_nidu_version": "2",
"minversion": "",
"force_update": "false",
"force_update_versions":[]
}
,
{
"name": "EXA21_bootloader_7",
"filename": "EXA21_bootloader_7.zip",
"fwinfo": "<FWINFO>MODULE=EXA21;TYPE=LOADER;VER=7.0.0</FWINFO>",
"required_nidu_version": "2",
"minversion": "",
"force_update": "false",
"force_update_versions":[]
}
,
{
"name": "EXA21_application_3015",
"filename": "EXA21_application_3015.zip",
"fwinfo": "<FWINFO>MODULE=EXA21;TYPE=APP;VER=3.0.15</FWINFO>",
"required_nidu_version": "2",
"minversion": "",
"force_update": "false",
"force_update_versions":[]
}
,
{
"name": "NanoNur2Application_101T_1904301020",
"filename": "NanoNur2Application_101T_1904301020.bin",
"fwinfo": "<FWINFO>MODULE=NUR-0W1;TYPE=APP;VER=10.1-T;DATE=Apr 30 2019 10:20:44</FWINFO>",
"required_nidu_version": "2",
"minversion": "",
"force_update": "false",
"force_update_versions":[]
}
,
{
"name": "Nur2Bootloader_20A",
"filename": "Nur2Bootloader_20A.bin",
"fwinfo": "<FWINFO>MODULE=NURv2,NUR2-1W;TYPE=LOADER;VER=2.0-A;DATE=Feb  7 2018 14:52:37</FWINFO>",
"required_nidu_version": "2",
"minversion": "",
"force_update": "false",
"force_update_versions":[]
}
,
{
"name": "Nur2Application_74A",
"filename": "Nur2Application_74A.bin",
"fwinfo": "<FWINFO>MODULE=NURv2,NUR2-1W;TYPE=APP;VER=7.4-A;DATE=Mar 14 2019 09:28:26</FWINFO>",
"required_nidu_version": "2",
"minversion": "",
"force_update": "false",
"force_update_versions":[]
}
,
{
"name": "NUR-05WL2-loader-v1.5-A",
"filename": "NUR-05WL2-loader-v1.5-A.bin",
"fwinfo": "<FWINFO>MODULE=NUR-05WL2,NUR-10W;TYPE=LOADER;VER=1.5-A;DATE=Jun 24 2015 09:49:02</FWINFO>",
"required_nidu_version": "2",
"minversion": "",
"force_update": "false",
"force_update_versions":[]
}
,
{
"name": "NUR-L2-application-v5.15-A",
"filename": "NUR-L2-application-v5.15-A.bin",
"fwinfo": "<FWINFO>MODULE=NUR-05WL2,NUR-10W;TYPE=APP;VER=5.15-A;DATE=Mar 14 2019 09:09:01</FWINFO>",
"required_nidu_version": "2",
"minversion": "",
"force_update": "false",
"force_update_versions":[]
}
,
{
"name": "Nur2-1W-SecChip_v3100",
"filename": "Nur2-1W-SecChip_v3100.bin",
"fwinfo": "<FWINFO>MODULE=NUR2-1W;TYPE=SEC_CHIP_APP;VER=3.1.0.0;DATE=May 27 2019 14:46:45</FWINFO>",
"required_nidu_version": "2",
"minversion": "",
"force_update": "false",
"force_update_versions":[]
}
]
}
