{
      "files": 
      [        
		{
          "name": "EXA device application",
          "filename":"exa_application_228-H.zip",
          "type": "EXA_X1",
          "version": "2.2.8.0",
		  "minversion": "2.0.0.0",
		  "force_update": "false"
        },					
    	{
          "name": "NUR2 bootloader",
          "filename": "Nur2Bootloader_20A.bin",
          "type": "NUR_LOADER",
          "version": "2.0.A.0",
		  "minversion": "0.0.0.0",
		  "force_update": "false"
        },
		{
          "name": "NUR2 application",
          "filename": "Nur2Application_73F_1901291442.bin",
          "type": "NUR_APP",
          "version": "7.3.F.0",
		  "minversion": "0.0.0.0",
		  "force_update": "false"
        },			
		{
          "name": "SecChip firmware",
          "filename": "Nur2-1W-SecChip_v3005.bin",		  
          "type": "NUR_CHIP",
          "version": "3.0.0.5",
		  "minversion": "0.0.0.0",
		  "force_update": "false"
        },
		{
          "name": "NUR-L2-Application",
          "filename": "NUR-L2-application-v5.15-A.bin",		  
          "type": "NUR_APP",
          "version": "5.15.A.0",
		  "minversion": "0.0.0.0",
		  "force_update": "false"
        }			
      ]
}