{
      "files": 
      [        
		{
          "name": "EXA device application",
          "filename":"exa_application_228-H.zip",
          "type": "EXA_X1",
          "version": "2.2.8.0",
		  "minversion": "2.0.0.0",
		  "force_update": "false"
        },
		{
          "name": "EXA21 bootloader",
          "filename":"EXA21_bootloader_3.zip",
          "type": "EXA_NANO_BLDR",
          "version": "2.0.0.0",
		  "minversion": "0.0.0.0",
		  "force_update": "false"
        },
		{
          "name": "EXA21 application",
          "filename":"EXA21_application_303.zip",
          "type": "EXA_NANO",
          "version": "3.0.3.0",
		  "minversion": "0.0.0.0",
		  "force_update": "false"
        },		
		{
          "name": "Nano NUR application",
          "filename":"NanoNur2Application_101F_1810151658.bin",
          "type": "NUR_APP",
          "version": "10.1.F.0",
		  "minversion": "0.0.0.0",
		  "force_update": "false"
        },
    	{
          "name": "NUR2 bootloader",
          "filename": "Nur2Bootloader_20A.bin",
          "type": "NUR_LOADER",
          "version": "2.0.A.0",
		  "minversion": "0.0.0.0",
		  "force_update": "false"
        },
		{
          "name": "NUR2 application",
          "filename": "Nur2Application_73F_1901291442.bin",
          "type": "NUR_APP",
          "version": "7.3.F.0",
		  "minversion": "0.0.0.0",
		  "force_update": "false"
        },			
		{
          "name": "Indy firmware",
          "filename": "INDY_3_0_0_5.crc.bin",		  
          "type": "NUR_CHIP",
          "version": "3.0.0.5",
		  "minversion": "0.0.0.0",
		  "force_update": "false"
        },
		{
          "name": "NUR-L2-Application",
          "filename": "NUR-L2-application-v5.14-A.bin",		  
          "type": "NUR_APP",
          "version": "5.14.A.0",
		  "minversion": "0.0.0.0",
		  "force_update": "false"
        },
		{
          "name": "NUR L2 bootloader",
          "filename": "NUR-05WL2-loader-v1.5-A.bin",
          "type": "NUR_LOADER",
          "version": "1.5.A.0",
		  "minversion": "0.0.0.0",
		  "force_update": "false"
        }		
      ]
}