{
      "files": 
      [        
		{
          "name": "EXA device application",
          "filename":"exa_application_228-H.zip",
          "type": "EXA_X1",
          "version": "2.2.8.0",
		  "minversion": "0.0.0.0",
		  "force_update": "false"
        },
    	{
          "name": "NUR2 bootloader",
          "filename": "Nur2Bootloader_20A.bin",
          "type": "NUR_LOADER",
          "version": "2.0.A.0",
		  "minversion": "0.0.0.0",
		  "force_update": "false"
        },
		{
          "name": "NUR2 Application",
          "filename": "Nur2Application_73A.bin",
          "type": "NUR_APP",
          "version": "7.3.A.0",
		  "minversion": "6.0.0.0",
		  "force_update": "false"
        },
		{
          "name": "Indy firmware",
          "filename": "Nur2-1W-SecChip_v3004.bin",		  
          "type": "NUR_CHIP",
          "version": "3.0.0.4",
		  "minversion": "0.0.0.0",
		  "force_update": "false"
        },
		{
          "name": "NUR-L2-Application",
          "filename": "NUR-L2-application-v5.14-A.bin",		  
          "type": "NUR_APP",
          "version": "5.14.A.0",
		  "minversion": "0.0.0.0",
		  "force_update": "false"
        },
		{
          "name": "NUR L2 bootloader",
          "filename": "NUR-05WL2-loader-v1.5-A.bin",
          "type": "NUR_LOADER",
          "version": "1.5.A.0",
		  "minversion": "0.0.0.0",
		  "force_update": "false"
        }		
      ]
}